user_input,retrieved_contexts,response,reference,faithfulness,answer_relevancy,context_precision,context_recall,retrieval_latency_ms,total_latency_sec
What is a neuron and what does its activation represent in the network?,"[""of neurons firing cause certain others to fire. Now the network I'm showing here has already been trained to recognize digits, and let me show you what I mean by that. It means if you feed in an image, lighting up all 784 neurons of the input layer according to the brightness of each pixel in the image, that pattern of activations causes some very specific pattern in the next layer which causes some pattern in the one after it, which finally gives some pattern in the output layer. And the brightest neuron of that output layer is the network's choice, so to speak, for what digit this image represents. And before jumping into the math for how one layer influences the next, or how training works, let's just talk about why it's even reasonable to expect a layered structure like this to behave intelligently. What are we expecting here? What is the best hope for what those middle layers might be doing? Well, when you or I recognize digits, we piece together various components. A 9 has a"", ""that squishes the real number line into the range between 0 and 1. And a common function that does this is called the sigmoid function, also known as a logistic curve. Basically very negative inputs end up close to 0, positive inputs end up close to 1, and it just steadily increases around the input 0. So the activation of the neuron here is basically a measure of how positive the relevant weighted sum is. But maybe it's not that you want the neuron to light up when the weighted sum is bigger than 0. Maybe you only want it to be active when the sum is bigger than say 10. That is, you want some bias for it to be inactive. What we'll do then is just add in some other number like negative 10 to this weighted sum before plugging it through the sigmoid squishification function. That additional number is called the bias. So the weights tell you what pixel pattern this neuron in the second layer is picking up on, and the bias tells you how high the weighted sum needs to be before the neuron"", ""how on earth this process of recognizing digits is going to be handled. In this network I chose two hidden layers, each one with 16 neurons, and admittedly that's kind of an arbitrary choice. To be honest I chose two layers based on how I want to motivate the structure in just a moment, and 16, well that was just a nice number to fit on the screen. In practice there is a lot of room for experiment with a specific structure here. The way the network operates, activations in one layer determine the activations of the next layer. And of course the heart of the network as an information processing mechanism comes down to exactly how those activations from one layer bring about activations in the next layer. It's meant to be loosely analogous to how in biological networks of neurons, some groups of neurons firing cause certain others to fire. Now the network I'm showing here has already been trained to recognize digits, and let me show you what I mean by that. It means if you feed in an"", ""784 neurons in total. Each one of these holds a number that represents the grayscale value of the corresponding pixel, ranging from 0 for black pixels up to 1 for white pixels. This number inside the neuron is called its activation, and the image you might have in mind here is that each neuron is lit up when its activation is a high number. So all of these 784 neurons make up the first layer of our network. Now jumping over to the last layer, this has 10 neurons, each representing one of the digits. The activation in these neurons, again some number that's between 0 and 1, represents how much the system thinks that a given image corresponds with a given digit. There's also a couple layers in between called the hidden layers, which for the time being should just be a giant question mark for how on earth this process of recognizing digits is going to be handled. In this network I chose two hidden layers, each one with 16 neurons, and admittedly that's kind of an arbitrary choice. To be"", ""numbers that they hold depends on the image you feed in, so it's actually more accurate to think of each neuron as a function, one that takes in the outputs of all the neurons in the previous layer and spits out a number between 0 and 1. Really the entire network is just a function, one that takes in 784 numbers as an input and spits out 10 numbers as an output. It's an absurdly complicated function, one that involves 13,000 parameters in the forms of these weights and biases that pick up on certain patterns, and which involves iterating many matrix vector products and the sigmoid squishification function, but it's just a function nonetheless. And in a way it's kind of reassuring that it looks complicated. I mean if it were any simpler, what hope would we have that it could take on the challenge of recognizing digits? And how does it take on that challenge? How does this network learn the appropriate weights and biases just by looking at data? Well that's what I'll show in the next""]","Based on the video, a **neuron** can be understood in two complementary ways:
1. **As a container:** It holds a specific number between 0 and 1.
2. **As a function:** More accurately, a neuron acts as a function that takes the outputs (activations) of all neurons in the previous layer and produces a new number bounded between 0 and 1.

The number inside the neuron is called its **activation**. Visually, you can think of a high activation number as the neuron being ""lit up."" 

What the activation represents depends on where the neuron is located in the network:

* **In the Input Layer:** The activation represents the grayscale brightness of an individual pixel from the input image, ranging from 0 for black pixels to 1 for white pixels.
* **In the Hidden (Middle) Layers:** The activation measures how positive a weighted sum of the previous layer's inputs is (after factoring in a bias and passing it through a squishing function called the sigmoid function). It indicates whether specific pixel patterns or features are present.
* **In the Output Layer:** The activation represents the network's confidence—how much the system believes the input image corresponds to a particular digit (0 through 9). The neuron with the highest activation in this final layer represents the network's final decision.

***

*Would you like to explore how weights and biases mathematically determine a neuron's activation, or would you prefer to look closer at what the hidden layers are attempting to do?*","A neuron is a basic unit or node that holds a number called an activation between 0 and 1, representing how brightly lit a particular pixel or subcomponent is.",,0.9673052945173191,,1.0,806.4622999954736,10.302876400004607
How are the 28 by 28 pixel handwritten digit images represented in the input layer?,"[""784 neurons in total. Each one of these holds a number that represents the grayscale value of the corresponding pixel, ranging from 0 for black pixels up to 1 for white pixels. This number inside the neuron is called its activation, and the image you might have in mind here is that each neuron is lit up when its activation is a high number. So all of these 784 neurons make up the first layer of our network. Now jumping over to the last layer, this has 10 neurons, each representing one of the digits. The activation in these neurons, again some number that's between 0 and 1, represents how much the system thinks that a given image corresponds with a given digit. There's also a couple layers in between called the hidden layers, which for the time being should just be a giant question mark for how on earth this process of recognizing digits is going to be handled. In this network I chose two hidden layers, each one with 16 neurons, and admittedly that's kind of an arbitrary choice. To be"", ""the more powerful modern variants, and trust me it still has plenty of complexity for us to wrap our minds around. But even in this simplest form it can learn to recognize handwritten digits, which is a pretty cool thing for a computer to be able to do. And at the same time you'll see how it does fall short of a couple hopes that we might have for it. As the name suggests neural networks are inspired by the brain, but let's break that down. What are the neurons, and in what sense are they linked together? Right now when I say neuron all I want you to think about is a thing that holds a number, specifically a number between 0 and 1. It's really not more than that. For example the network starts with a bunch of neurons corresponding to each of the 28x28 pixels of the input image, which is 784 neurons in total. Each one of these holds a number that represents the grayscale value of the corresponding pixel, ranging from 0 for black pixels up to 1 for white pixels. This number inside the"", ""of neurons firing cause certain others to fire. Now the network I'm showing here has already been trained to recognize digits, and let me show you what I mean by that. It means if you feed in an image, lighting up all 784 neurons of the input layer according to the brightness of each pixel in the image, that pattern of activations causes some very specific pattern in the next layer which causes some pattern in the one after it, which finally gives some pattern in the output layer. And the brightest neuron of that output layer is the network's choice, so to speak, for what digit this image represents. And before jumping into the math for how one layer influences the next, or how training works, let's just talk about why it's even reasonable to expect a layered structure like this to behave intelligently. What are we expecting here? What is the best hope for what those middle layers might be doing? Well, when you or I recognize digits, we piece together various components. A 9 has a"", ""numbers that they hold depends on the image you feed in, so it's actually more accurate to think of each neuron as a function, one that takes in the outputs of all the neurons in the previous layer and spits out a number between 0 and 1. Really the entire network is just a function, one that takes in 784 numbers as an input and spits out 10 numbers as an output. It's an absurdly complicated function, one that involves 13,000 parameters in the forms of these weights and biases that pick up on certain patterns, and which involves iterating many matrix vector products and the sigmoid squishification function, but it's just a function nonetheless. And in a way it's kind of reassuring that it looks complicated. I mean if it were any simpler, what hope would we have that it could take on the challenge of recognizing digits? And how does it take on that challenge? How does this network learn the appropriate weights and biases just by looking at data? Well that's what I'll show in the next"", ""in a grid of 28x28 pixels like this and outputs a single number between 0 and 10, telling you what it thinks the digit is, well the task goes from comically trivial to dauntingly difficult. Unless you've been living under a rock, I think I hardly need to motivate the relevance and importance of machine learning and neural networks to the present and to the future. But what I want to do here is show you what a neural network actually is, assuming no background, and to help visualize what it's doing, not as a buzzword but as a piece of math. My hope is that you come away feeling like the structure itself is motivated, and to feel like you know what it means when you read, or you hear about a neural network quote-unquote learning. This video is just going to be devoted to the structure component of that, and the following one is going to tackle learning. What we're going to do is put together a neural network that can learn to recognize handwritten digits. This is a somewhat classic""]","As explained in the lecture, a 28x28 pixel image is represented in the network's input layer using **784 individual neurons**—one neuron for every pixel in the grid.

Here is how that representation works step-by-step:

* **Activation Values:** Each neuron in the input layer holds a single number between 0 and 1, known as its **activation**.
* **Grayscale Mapping:** The activation value represents the grayscale brightness of its corresponding pixel:
  * **0** represents a completely black pixel.
  * **1** represents a completely white pixel.
  * Numbers in between represent varying shades of gray.
* **Visualizing the Input:** You can think of high activation values as neurons that are ""lit up."" When you feed an image into the network, the pattern of lit-up neurons in the input layer directly mirrors the bright parts of the handwritten digit.

Together, these 784 activations serve as the initial set of inputs that pass forward into the rest of the network.

***

*Would you like to explore how these 784 input activations influence the hidden layers, or move on to how the output layer makes its final digit prediction?*","The 28x28 pixel image contains 784 pixels in total, each corresponding to one of the 784 neurons in the input layer with an activation value between 0 (black) and 1 (white).",,0.94300893383487,,,679.6876000007614,8.91368159999547
Why does the instructor describe the entire neural network as a mathematical function?,"[""numbers that they hold depends on the image you feed in, so it's actually more accurate to think of each neuron as a function, one that takes in the outputs of all the neurons in the previous layer and spits out a number between 0 and 1. Really the entire network is just a function, one that takes in 784 numbers as an input and spits out 10 numbers as an output. It's an absurdly complicated function, one that involves 13,000 parameters in the forms of these weights and biases that pick up on certain patterns, and which involves iterating many matrix vector products and the sigmoid squishification function, but it's just a function nonetheless. And in a way it's kind of reassuring that it looks complicated. I mean if it were any simpler, what hope would we have that it could take on the challenge of recognizing digits? And how does it take on that challenge? How does this network learn the appropriate weights and biases just by looking at data? Well that's what I'll show in the next"", ""black box, because when the network doesn't perform the way you anticipate, if you've built up a little bit of a relationship with what those weights and biases actually mean, you have a starting place for experimenting with how to change the structure to improve. Or when the network does work but not for the reasons you might expect, digging into what the weights and biases are doing is a good way to challenge your assumptions and really expose the full space of possible solutions. By the way, the actual function here is a little cumbersome to write down, don't you think? So let me show you a more notationally compact way that these connections are represented. This is how you'd see it if you choose to read up more about neural networks. Organize all of the activations from one layer into a column as a vector. Then organize all of the weights as a matrix, where each row of that matrix corresponds to the connections between one layer and a particular neuron in the next layer. What"", ""we represent it by organizing all those biases into a vector, and adding the entire vector to the previous matrix vector product. Then as a final step, I'll wrap a sigmoid around the outside here, and what that's supposed to represent is that you're going to apply the sigmoid function to each specific component of the resulting vector inside. So once you write down this weight matrix and these vectors as their own symbols, you can communicate the full transition of activations from one layer to the next in an extremely tight and neat little expression, and this makes the relevant code both a lot simpler and a lot faster, since many libraries optimize the heck out of matrix multiplication. Remember how earlier I said these neurons are simply things that hold numbers? Well of course the specific numbers that they hold depends on the image you feed in, so it's actually more accurate to think of each neuron as a function, one that takes in the outputs of all the neurons in the previous"", ""of neurons firing cause certain others to fire. Now the network I'm showing here has already been trained to recognize digits, and let me show you what I mean by that. It means if you feed in an image, lighting up all 784 neurons of the input layer according to the brightness of each pixel in the image, that pattern of activations causes some very specific pattern in the next layer which causes some pattern in the one after it, which finally gives some pattern in the output layer. And the brightest neuron of that output layer is the network's choice, so to speak, for what digit this image represents. And before jumping into the math for how one layer influences the next, or how training works, let's just talk about why it's even reasonable to expect a layered structure like this to behave intelligently. What are we expecting here? What is the best hope for what those middle layers might be doing? Well, when you or I recognize digits, we piece together various components. A 9 has a"", ""in a grid of 28x28 pixels like this and outputs a single number between 0 and 10, telling you what it thinks the digit is, well the task goes from comically trivial to dauntingly difficult. Unless you've been living under a rock, I think I hardly need to motivate the relevance and importance of machine learning and neural networks to the present and to the future. But what I want to do here is show you what a neural network actually is, assuming no background, and to help visualize what it's doing, not as a buzzword but as a piece of math. My hope is that you come away feeling like the structure itself is motivated, and to feel like you know what it means when you read, or you hear about a neural network quote-unquote learning. This video is just going to be devoted to the structure component of that, and the following one is going to tackle learning. What we're going to do is put together a neural network that can learn to recognize handwritten digits. This is a somewhat classic""]","As explained in the lecture, the instructor describes the entire neural network as a mathematical function because, fundamentally, it is a mechanism that takes a specific set of inputs and transforms them into a specific set of outputs through mathematical operations.

Here is how the instructor breaks this down:

* **Input and Output Mapping:** The network takes in 784 numbers as an input (representing the brightness of each pixel in a 28x28 image) and produces 10 numbers as an output (representing the network's evaluation for each digit from 0 to 9). 
* **Neurons as Individual Functions:** Each individual neuron functions like a small math rule—it takes the outputs from the neurons in the preceding layer and calculates a single output value between 0 and 1.
* **A Single Complex Math Operation:** Even though it is an extremely complex system involving around 13,000 parameters (weights and biases), iterated matrix-vector multiplications, and sigmoid activation functions, it ultimately remains a single, unified mathematical function.

By viewing the network this way, the instructor demystifies neural networks, showing that they are grounded in concrete mathematics rather than being an obscure ""buzzword.""

To help build on this concept, you might want to look closer at how the instructor uses matrix-vector products and vectors to write down this complex function in a compact notation. Would you like to review how weights and biases are organized in that notation?","The network takes 784 numbers as input and outputs 10 numbers representing the probabilities of digits 0 through 9, operating as a function parameterized by weights and biases.",,,,1.0,667.5703999935649,10.06874560000142
What role do the hidden layers play in breaking down complex patterns?,"[""of neurons firing cause certain others to fire. Now the network I'm showing here has already been trained to recognize digits, and let me show you what I mean by that. It means if you feed in an image, lighting up all 784 neurons of the input layer according to the brightness of each pixel in the image, that pattern of activations causes some very specific pattern in the next layer which causes some pattern in the one after it, which finally gives some pattern in the output layer. And the brightest neuron of that output layer is the network's choice, so to speak, for what digit this image represents. And before jumping into the math for how one layer influences the next, or how training works, let's just talk about why it's even reasonable to expect a layered structure like this to behave intelligently. What are we expecting here? What is the best hope for what those middle layers might be doing? Well, when you or I recognize digits, we piece together various components. A 9 has a"", ""you might want to do that break down into layers of abstraction. Parsing speech, for example, involves taking raw audio and picking out distinct sounds, which combine to make certain syllables, which combine to form words, which combine to make up phrases and more abstract thoughts, etc. But getting back to how any of this actually works, picture yourself right now designing how exactly the activations in one layer might determine the activations in the next. The goal is to have some mechanism that could conceivably combine pixels into edges, or edges into patterns, or patterns into digits. And to zoom in on one very specific example, let's say the hope is for one particular neuron in the second layer to pick up on whether or not the image has an edge in this region here. The question at hand is what parameters should the network have? What dials and knobs should you be able to tweak so that it's expressive enough to potentially capture this pattern, or any other pixel pattern, or the"", ""intelligently. What are we expecting here? What is the best hope for what those middle layers might be doing? Well, when you or I recognize digits, we piece together various components. A 9 has a loop up top and a line on the right. An 8 also has a loop up top, but it's paired with another loop down low. A 4 basically breaks down into three specific lines, and things like that. Now in a perfect world, we might hope that each neuron in the second to last layer corresponds with one of these subcomponents, that anytime you feed in an image with, say, a loop up top, like a 9 or an 8, there's some specific neuron whose activation is going to be close to 1. And I don't mean this specific loop of pixels, the hope would be that any generally loopy pattern towards the top sets off this neuron. That way, going from the third layer to the last one just requires learning which combination of subcomponents corresponds to which digits. Of course, that just kicks the problem down the road, because"", ""layer of the network corresponds with the various relevant little edges. Maybe when an image like this one comes in, it lights up all of the neurons associated with around 8 to 10 specific little edges, which in turn lights up the neurons associated with the upper loop and a long vertical line, and those light up the neuron associated with a 9. Whether or not this is what our final network actually does is another question, one that I'll come back to once we see how to train the network, but this is a hope that we might have, a sort of goal with the layered structure like this. Moreover, you can imagine how being able to detect edges and patterns like this would be really useful for other image recognition tasks. And even beyond image recognition, there are all sorts of intelligent things you might want to do that break down into layers of abstraction. Parsing speech, for example, involves taking raw audio and picking out distinct sounds, which combine to make certain syllables, which"", ""way, going from the third layer to the last one just requires learning which combination of subcomponents corresponds to which digits. Of course, that just kicks the problem down the road, because how would you recognize these subcomponents, or even learn what the right subcomponents should be? And I still haven't even talked about how one layer influences the next, but run with me on this one for a moment. Recognizing a loop can also break down into subproblems. One reasonable way to do this would be to first recognize the various little edges that make it up. Similarly, a long line, like the kind you might see in the digits 1 or 4 or 7, is really just a long edge, or maybe you think of it as a certain pattern of several smaller edges. So maybe our hope is that each neuron in the second layer of the network corresponds with the various relevant little edges. Maybe when an image like this one comes in, it lights up all of the neurons associated with around 8 to 10 specific little""]","In a neural network, the hidden (or middle) layers act as successive **layers of abstraction**, breaking down a complex recognition task into smaller, more manageable subproblems. 

As explained in the lecture, the ideal role of these middle layers is to build up understanding step-by-step:

* **Detecting Low-Level Features (Early Hidden Layers):** 
  The first hidden layer takes the raw inputs (such as individual pixel activations) and looks for very basic features. For image recognition, this might mean detecting small, specific edges across different parts of the image.

* **Combining Features into Subcomponents (Deeper Hidden Layers):** 
  The next hidden layer combines those smaller features into more meaningful, mid-level components. For example, several smaller edges are combined to recognize higher-level shapes, such as a loop or a straight vertical line.

* **Forming Final Concepts (Output Layer):** 
  The output layer can then simply evaluate which combination of subcomponents is active. For instance, if the hidden layers detect both a top loop and a long vertical line, the output layer can determine that the digit is a 9.

The instructor notes that this hierarchical breakdown applies beyond visual tasks as well. For example, in speech recognition, the network moves from raw audio to distinct sounds, which group into syllables, then into words, and finally into abstract thoughts or phrases.

***

*Would you like to explore how the network uses specific weights and parameters to mathematically connect one layer's activations to the next?*","The hidden layers build up higher-level representations hierarchically, where early layers detect small edges and components, and later layers combine them into loops and digits.",0.9375,0.8791202015757972,,1.0,546.4480000082403,15.144624799999292
